{
  "n_splits": 5,
  "fold_results": [
    {
      "fold": 1,
      "q3_accuracy": 0.9542348059555773,
      "H_f1": 0.9672597864768683,
      "E_f1": 0.9542735042735043,
      "C_f1": 0.9421813403416557,
      "H_precision": 0.9624645892351275,
      "E_precision": 0.9600171969045572,
      "C_precision": 0.9421813403416557,
      "H_recall": 0.9721030042918455,
      "E_recall": 0.9485981308411215,
      "C_recall": 0.9421813403416557,
      "test_proteins": [
        "107M",
        "109M",
        "10IA",
        "10JT",
        "10MV",
        "10NV",
        "10PA",
        "10QF",
        "10RA",
        "112M",
        "11IF",
        "11OY",
        "122L",
        "127L",
        "128L",
        "12CA",
        "12HH",
        "12JC",
        "131L",
        "13MV",
        "13MZ",
        "13NC",
        "13NL",
        "13NX",
        "13NY",
        "13OB",
        "13OC",
        "13OM",
        "13OO",
        "13OS"
      ],
      "classification_report": {
        "H": {
          "precision": 0.9624645892351275,
          "recall": 0.9721030042918455,
          "f1-score": 0.9672597864768683,
          "support": 2796.0
        },
        "E": {
          "precision": 0.9600171969045572,
          "recall": 0.9485981308411215,
          "f1-score": 0.9542735042735043,
          "support": 2354.0
        },
        "C": {
          "precision": 0.9421813403416557,
          "recall": 0.9421813403416557,
          "f1-score": 0.9421813403416557,
          "support": 3044.0
        },
        "accuracy": 0.9542348059555773,
        "macro avg": {
          "precision": 0.9548877088271134,
          "recall": 0.9542941584915409,
          "f1-score": 0.9545715436973428,
          "support": 8194.0
        },
        "weighted avg": {
          "precision": 0.9542264428868371,
          "recall": 0.9542348059555773,
          "f1-score": 0.9542126180191791,
          "support": 8194.0
        }
      }
    },
    {
      "fold": 2,
      "q3_accuracy": 0.978511952726296,
      "H_f1": 0.9834893617021276,
      "E_f1": 0.9822714681440443,
      "C_f1": 0.9705936748659145,
      "H_precision": 0.9863434619324002,
      "E_precision": 0.9844530816213215,
      "C_precision": 0.9661266568483063,
      "H_recall": 0.9806517311608961,
      "E_recall": 0.9800995024875622,
      "C_recall": 0.9751021924934968,
      "test_proteins": [
        "101M",
        "103M",
        "108L",
        "109L",
        "10GS",
        "10HY",
        "10KZ",
        "10MW",
        "10NU",
        "10QG",
        "110L",
        "111L",
        "112L",
        "11BA",
        "11TU",
        "123L",
        "125L",
        "126L",
        "12GS",
        "130L",
        "134L",
        "135L",
        "13MN",
        "13MW",
        "13NA",
        "13NR",
        "13OD",
        "13OH",
        "13ON",
        "13OT"
      ],
      "classification_report": {
        "H": {
          "precision": 0.9863434619324002,
          "recall": 0.9806517311608961,
          "f1-score": 0.9834893617021276,
          "support": 2946.0
        },
        "E": {
          "precision": 0.9844530816213215,
          "recall": 0.9800995024875622,
          "f1-score": 0.9822714681440443,
          "support": 1809.0
        },
        "C": {
          "precision": 0.9661266568483063,
          "recall": 0.9751021924934968,
          "f1-score": 0.9705936748659145,
          "support": 2691.0
        },
        "accuracy": 0.978511952726296,
        "macro avg": {
          "precision": 0.9789744001340094,
          "recall": 0.9786178087139851,
          "f1-score": 0.9787848349040288,
          "support": 7446.0
        },
        "weighted avg": {
          "precision": 0.9785777997696232,
          "recall": 0.978511952726296,
          "f1-score": 0.9785329471543405,
          "support": 7446.0
        }
      }
    },
    {
      "fold": 3,
      "q3_accuracy": 0.951591749135567,
      "H_f1": 0.9637806140048293,
      "E_f1": 0.9528441530979065,
      "C_f1": 0.9393308788218345,
      "H_precision": 0.9789768745620182,
      "E_precision": 0.9426778242677825,
      "C_precision": 0.9335030225898823,
      "H_recall": 0.9490489130434783,
      "E_recall": 0.9632321504916631,
      "C_recall": 0.9452319587628866,
      "test_proteins": [
        "104M",
        "106M",
        "10LG",
        "10LI",
        "10LR",
        "10QH",
        "10QI",
        "10QS",
        "10ZO",
        "111M",
        "114L",
        "118L",
        "11GS",
        "120L",
        "129L",
        "12IS",
        "12XX",
        "133L",
        "13MK",
        "13ML",
        "13MM",
        "13MO",
        "13MS",
        "13ND",
        "13NF",
        "13NG",
        "13NK",
        "13NS",
        "13OJ",
        "13PB"
      ],
      "classification_report": {
        "H": {
          "precision": 0.9789768745620182,
          "recall": 0.9490489130434783,
          "f1-score": 0.9637806140048293,
          "support": 2944.0
        },
        "E": {
          "precision": 0.9426778242677825,
          "recall": 0.9632321504916631,
          "f1-score": 0.9528441530979065,
          "support": 2339.0
        },
        "C": {
          "precision": 0.9335030225898823,
          "recall": 0.9452319587628866,
          "f1-score": 0.9393308788218345,
          "support": 3104.0
        },
        "accuracy": 0.951591749135567,
        "macro avg": {
          "precision": 0.9517192404732276,
          "recall": 0.9525043407660093,
          "f1-score": 0.95198521530819,
          "support": 8387.0
        },
        "weighted avg": {
          "precision": 0.9520239336821176,
          "recall": 0.951591749135567,
          "f1-score": 0.9516818468569447,
          "support": 8387.0
        }
      }
    },
    {
      "fold": 4,
      "q3_accuracy": 0.958041014570966,
      "H_f1": 0.963547143357869,
      "E_f1": 0.9655875605404027,
      "C_f1": 0.9462945139557266,
      "H_precision": 0.9525294525294525,
      "E_precision": 0.9717804002052335,
      "C_precision": 0.9538222739619713,
      "H_recall": 0.974822695035461,
      "E_recall": 0.9594731509625126,
      "C_recall": 0.9388846447669977,
      "test_proteins": [
        "102M",
        "103L",
        "105M",
        "107L",
        "10AF",
        "10HZ",
        "10RC",
        "113L",
        "119L",
        "11HY",
        "11TT",
        "11YV",
        "121P",
        "12AK",
        "12TD",
        "132L",
        "139L",
        "13MP",
        "13MR",
        "13NE",
        "13NI",
        "13NM",
        "13NP",
        "13NU",
        "13NW",
        "13OE",
        "13OF",
        "13OG",
        "13OK",
        "13OV"
      ],
      "classification_report": {
        "H": {
          "precision": 0.9525294525294525,
          "recall": 0.974822695035461,
          "f1-score": 0.963547143357869,
          "support": 2820.0
        },
        "E": {
          "precision": 0.9717804002052335,
          "recall": 0.9594731509625126,
          "f1-score": 0.9655875605404027,
          "support": 1974.0
        },
        "C": {
          "precision": 0.9538222739619713,
          "recall": 0.9388846447669977,
          "f1-score": 0.9462945139557266,
          "support": 2618.0
        },
        "accuracy": 0.958041014570966,
        "macro avg": {
          "precision": 0.9593773755655525,
          "recall": 0.9577268302549905,
          "f1-score": 0.9584764059513328,
          "support": 7412.0
        },
        "weighted avg": {
          "precision": 0.9581130975945261,
          "recall": 0.958041014570966,
          "f1-score": 0.9579967385742092,
          "support": 7412.0
        }
      }
    },
    {
      "fold": 5,
      "q3_accuracy": 0.9548022598870056,
      "H_f1": 0.9595892679695264,
      "E_f1": 0.9673093042749371,
      "C_f1": 0.939601921757035,
      "H_precision": 0.9526471555409405,
      "E_precision": 0.9779661016949153,
      "C_precision": 0.9383139136394791,